{
 "actions": [],
 "allow_rename": 1,
 "creation": "2025-01-19 13:57:01.702519",
 "doctype": "DocType",
 "editable_grid": 1,
 "engine": "InnoDB",
 "field_order": [
  "number",
  "is_primary"
 ],
 "fields": [
  {
   "fieldname": "number",
   "fieldtype": "Data",
   "in_list_view": 1,
   "label": "Number",
   "reqd": 1
  },
  {
   "default": "0",
   "fieldname": "is_primary",
   "fieldtype": "Check",
   "in_list_view": 1,
   "label": "Is Primary"
  }
 ],
 "index_web_pages_for_search": 1,
 "istable": 1,
 "links": [],
 "modified": "2025-01-19 13:58:59.063775",
 "modified_by": "Administrator",
 "module": "FCRM",
 "name": "CRM Telephony Phone",
 "owner": "Administrator",
 "permissions": [],
 "sort_field": "creation",
 "sort_order": "DESC",
 "states": []
}