{
 "actions": [],
 "allow_rename": 1,
 "creation": "2023-08-25 19:08:36.356133",
 "doctype": "DocType",
 "editable_grid": 1,
 "engine": "InnoDB",
 "field_order": [
  "contact",
  "full_name",
  "email",
  "column_break_uvny",
  "gender",
  "mobile_no",
  "phone",
  "is_primary"
 ],
 "fields": [
  {
   "fieldname": "contact",
   "fieldtype": "Link",
   "in_list_view": 1,
   "label": "Contact",
   "options": "Contact"
  },
  {
   "fetch_from": "contact.full_name",
   "fieldname": "full_name",
   "fieldtype": "Data",
   "in_list_view": 1,
   "label": "Full Name",
   "read_only": 1
  },
  {
   "fetch_from": "contact.email_id",
   "fieldname": "email",
   "fieldtype": "Data",
   "in_list_view": 1,
   "label": "Email",
   "read_only": 1
  },
  {
   "fieldname": "column_break_uvny",
   "fieldtype": "Column Break"
  },
  {
   "fetch_from": "contact.mobile_no",
   "fieldname": "mobile_no",
   "fieldtype": "Data",
   "in_list_view": 1,
   "label": "Mobile No",
   "options": "Phone",
   "read_only": 1
  },
  {
   "fetch_from": "contact.phone",
   "fieldname": "phone",
   "fieldtype": "Data",
   "label": "Phone",
   "options": "Phone",
   "read_only": 1
  },
  {
   "fetch_from": "contact.gender",
   "fieldname": "gender",
   "fieldtype": "Link",
   "label": "Gender",
   "options": "Gender",
   "read_only": 1
  },
  {
   "default": "0",
   "fieldname": "is_primary",
   "fieldtype": "Check",
   "in_list_view": 1,
   "label": "Is Primary"
  }
 ],
 "index_web_pages_for_search": 1,
 "istable": 1,
 "links": [],
 "modified": "2023-11-12 14:58:18.846919",
 "modified_by": "Administrator",
 "module": "FCRM",
 "name": "CRM Contacts",
 "owner": "Administrator",
 "permissions": [],
 "sort_field": "modified",
 "sort_order": "DESC",
 "states": []
}